tconst,ordering,nconst,category,job,characters
tt0160316,10,nm10713709,archive_footage,\N,\N
tt0160316,1,nm0419330,archive_footage,\N,\N
tt0160316,2,nm0481815,archive_footage,\N,\N
tt0160316,3,nm0630362,archive_footage,\N,\N
tt0160316,4,nm0706948,archive_footage,\N,\N
tt0160316,5,nm0753768,archive_footage,\N,\N
tt0160316,6,nm0767263,archive_footage,\N,\N
tt0160316,7,nm1337075,archive_footage,\N,\N
tt0160316,8,nm0853259,archive_footage,\N,\N
tt0160316,9,nm0928376,archive_footage,\N,\N
tt0389937,1,nm0573270,actor,\N,Don
tt0389937,2,nm1043243,actress,\N,Lori
tt0389937,3,nm4188689,actress,\N,Mary
tt0389937,4,nm1097231,actor,\N,Dons Inner ChildRed Headed Boy
tt0389937,5,nm0676671,director,\N,\N
tt0389937,6,nm0888113,composer,\N,\N
tt10218112,1,nm10756172,self,\N,Self
tt10218112,2,nm12271145,actress,\N,Graduate Counselor
tt10218112,3,nm12269197,actress,\N,Survivor
tt10218112,4,nm2503790,actor,\N,Caregiver
tt10218112,5,nm2031440,director,\N,\N
tt10218112,6,nm2029571,producer,producer,\N
tt10218112,7,nm5650955,composer,\N,\N
tt10218112,8,nm4878201,cinematographer,\N,\N
tt10323492,1,nm10689887,actress,\N,Besna Xanim
tt10323492,2,nm10683703,director,\N,\N
tt10323492,3,nm10294362,cinematographer,\N,\N
tt10663998,1,nm8529806,actor,\N,Narrator & Correspondent
tt10663998,2,nm0000603,actress,\N,Anna Larina
tt10663998,3,nm0715672,director,\N,\N
tt10663998,4,nm10847366,cinematographer,\N,\N
tt10663998,5,nm0693148,editor,\N,\N
tt10663998,6,nm0796593,editor,\N,\N
tt10925174,1,nm7409140,self,\N,Self - Host
tt10925174,2,nm10926646,writer,\N,\N
tt10925174,3,nm12450666,cinematographer,\N,\N
tt10925174,4,nm10926648,cinematographer,\N,\N
tt10925174,5,nm10946029,cinematographer,\N,\N
tt11654554,10,nm6632740,cinematographer,segment director of photography,\N
tt11654554,1,nm0118201,actor,\N,Gerald
tt11654554,2,nm11292473,actor,\N,Michael
tt11654554,3,nm1943777,actress,\N,Rachel
tt11654554,4,nm0608683,actress,\N,Brenda
tt11654554,5,nm0392082,director,\N,\N
tt11654554,6,nm6636994,producer,producer,\N
tt11654554,7,nm1963413,producer,executive producer,\N
tt11654554,8,nm6670122,producer,producer,\N
tt11654554,9,nm1486670,cinematographer,\N,\N
tt11870758,10,nm6291039,self,\N,Self
tt11870758,1,nm7918125,self,\N,Self
tt11870758,2,nm8200235,self,\N,Self
tt11870758,3,nm3787016,self,\N,Self
tt11870758,4,nm6570716,self,\N,Self
tt11870758,5,nm6981978,self,\N,Self
tt11870758,6,nm8200233,self,\N,Self
tt11870758,7,nm4571370,self,\N,Self
tt11870758,8,nm4107371,self,\N,Self
tt11870758,9,nm6569623,self,\N,Self
tt11889990,10,nm11447989,actor,\N,Runner #2
tt11889990,1,nm10235487,actress,\N,Sharni
tt11889990,2,nm10678869,actor,\N,Joel
tt11889990,3,nm9432438,actor,\N,Father Joe
tt11889990,4,nm11362150,actor,\N,Zach
tt11889990,5,nm11362146,director,\N,\N
tt11889990,6,nm7761566,cinematographer,\N,\N
tt11889990,7,nm10393927,actor,\N,Guy at skatepark
tt11889990,8,nm11362147,actor,\N,Rusty
tt11889990,9,nm12078769,actor,\N,Party guest #4
tt1228989,1,nm0595934,actor,\N,\N
tt1228989,2,nm0707352,actress,\N,\N
tt1228989,3,nm3003296,director,\N,\N
tt12413918,1,nm11620437,actor,\N,Team Zayed
tt12413918,2,nm11620438,actress,\N,Team Zayed
tt12413918,3,nm11620439,actor,\N,Team Zayed
tt12413918,4,nm0328762,actress,\N,Dr. Jane Goodall
tt12413918,5,nm12621518,producer,producer,\N
tt12413918,6,nm11620444,producer,executive producer,\N
tt12413918,7,nm10548512,editor,\N,\N
tt12413918,8,nm3098320,actor,\N,Polar Explorer
tt12670610,1,nm0066976,actor,\N,Narrator
tt12670610,2,nm11735136,self,\N,Self
tt12670610,3,nm13654962,self,\N,Self - Eye Surgeon
tt12670610,4,nm4978663,director,\N,\N
tt12670610,5,nm2177899,composer,\N,\N
tt12745908,10,nm4796756,editor,\N,\N
tt12745908,1,nm1625350,actor,\N,Spencer Combs
tt12745908,2,nm6794954,actress,\N,Molly Sullivan
tt12745908,3,nm0629737,actor,\N,Ted Larsson
tt12745908,4,nm2687494,actor,\N,Thomas
tt12745908,5,nm3564743,director,\N,\N
tt12745908,6,nm11752277,writer,\N,\N
tt12745908,7,nm3547156,producer,producer,\N
tt12745908,8,nm10230618,composer,\N,\N
tt12745908,9,nm6232855,cinematographer,\N,\N
tt12803632,1,nm11776889,self,\N,Self
tt12803632,2,nm11776886,self,\N,Self
tt12803632,3,nm0347911,self,\N,Self
tt12803632,4,nm4166943,self,\N,Self
tt12803632,5,nm9366735,director,\N,\N
tt12803632,6,nm11776890,writer,writer,\N
tt12803632,7,nm11776891,writer,writer,\N
tt12966276,10,nm2983332,cinematographer,director of photography,\N
tt12966276,1,nm6416655,self,\N,Self
tt12966276,2,nm11901713,self,\N,Self
tt12966276,3,nm0005000,self,\N,Self
tt12966276,4,nm8760165,actor,\N,Young Leandre
tt12966276,5,nm2816779,director,\N,\N
tt12966276,6,nm2525174,writer,story by,\N
tt12966276,7,nm7401963,writer,story by,\N
tt12966276,8,nm5131997,writer,story by,\N
tt12966276,9,nm4284373,composer,\N,\N
tt13045552,1,nm11057065,actress,\N,\N
tt13045552,2,nm10780270,actor,\N,\N
tt13045552,3,nm11876563,actor,\N,\N
tt13045552,4,nm9349874,director,\N,\N
tt13045552,5,nm8266291,writer,written by,\N
tt13045552,6,nm11876564,writer,\N,\N
tt13045552,7,nm7356452,producer,producer,\N
tt13045552,8,nm11876553,cinematographer,\N,\N
tt13045552,9,nm11876566,editor,\N,\N
tt13388966,1,nm0052321,actor,\N,\N
tt13388966,2,nm3373988,actor,\N,\N
tt13388966,3,nm12032078,actor,\N,\N
tt13388966,4,nm12032077,director,\N,\N
tt13388966,5,nm12032079,composer,\N,\N
tt13388966,6,nm8353570,cinematographer,\N,\N
tt13388966,7,nm9595535,editor,\N,\N
tt13458442,1,nm8451466,self,\N,Self - Host
tt13458442,2,nm1186425,director,\N,\N
tt13479840,1,nm12073441,actor,\N,\N
tt13479840,2,nm6131031,director,\N,\N
tt13479840,3,nm8665625,composer,\N,\N
tt13563118,1,nm12109639,actor,\N,\N
tt13563118,2,nm12109637,actress,\N,\N
tt13563118,3,nm12109638,actor,\N,\N
tt13563118,4,nm12109640,actor,\N,\N
tt13563118,5,nm13310119,composer,composer,\N
tt14562768,1,nm12534862,actor,\N,Erik Kalic
tt14562768,2,nm12534863,actor,\N,Fran Sakic
tt14562768,3,nm12534861,actor,\N,Petar Kovacevic
tt14562768,4,nm12534864,actress,\N,Antonela
tt14562768,5,nm12534889,writer,writer,\N
tt14562768,6,nm12534874,writer,writer,\N
tt14562768,7,nm3057401,composer,composer,\N
tt14562768,8,nm12534917,editor,\N,\N
tt14605420,10,nm3935868,editor,\N,\N
tt14605420,1,nm13328004,actress,\N,\N
tt14605420,2,nm13328005,actor,\N,\N
tt14605420,3,nm13328008,actor,\N,\N
tt14605420,4,nm13328002,actress,\N,\N
tt14605420,5,nm6390107,director,\N,\N
tt14605420,6,nm13328011,producer,producer,\N
tt14605420,7,nm4899047,composer,composer,\N
tt14605420,8,nm13328010,cinematographer,\N,\N
tt14605420,9,nm13328009,cinematographer,\N,\N
tt14626184,10,nm8095348,cinematographer,\N,\N
tt14626184,1,nm12567016,self,\N,Self
tt14626184,2,nm12569684,actor,\N,\N
tt14626184,3,nm12567017,self,\N,Self
tt14626184,4,nm1885584,director,\N,\N
tt14626184,5,nm6898644,writer,\N,\N
tt14626184,6,nm2158210,producer,producer,\N
tt14626184,7,nm3127076,composer,\N,\N
tt14626184,8,nm5606986,cinematographer,\N,\N
tt14626184,9,nm12875391,cinematographer,\N,\N
tt14648000,1,nm7130429,actor,\N,\N
tt14648000,2,nm8924880,actress,\N,\N
tt14648000,3,nm4733692,actor,\N,\N
tt14648000,4,nm6237396,actor,\N,\N
tt14648000,5,nm7267329,director,\N,\N
tt14648000,6,nm8924881,composer,\N,\N
tt14648000,7,nm1705859,cinematographer,\N,\N
tt14648000,8,nm12205311,editor,\N,\N
tt14752358,10,nm12619746,actress,\N,C.O Tara Jordan
tt14752358,1,nm12587261,actress,\N,C.O. Dennis
tt14752358,2,nm0931354,actor,\N,Caption Cox
tt14752358,3,nm0609182,actor,\N,C.o. Wilson
tt14752358,4,nm0943237,actor,\N,Warden Phillips
tt14752358,5,nm7313076,director,\N,\N
tt14752358,6,nm13620161,editor,\N,\N
tt14752358,7,nm3859050,actress,\N,Mimi
tt14752358,8,nm12619575,actor,\N,C.O Kozlowski
tt14752358,9,nm8350482,actress,\N,Sandy
tt15108182,1,nm12788444,self,\N,Self
tt15108182,2,nm7591637,self,\N,Self
tt15108182,3,nm12787748,actor,\N,Jeff
tt15108182,4,nm12787749,actress,\N,Esme
tt15108182,5,nm9148892,director,\N,\N
tt15108182,6,nm12786341,writer,written by,\N
tt15287644,1,nm5954636,director,\N,\N
tt15287644,2,nm11710798,composer,\N,\N
tt15325916,10,nm3400001,composer,\N,\N
tt15325916,1,nm3549573,actress,\N,Caralique
tt15325916,2,nm0136563,actress,\N,Arlette
tt15325916,3,nm13241858,actress,\N,Young Caralique
tt15325916,4,nm12422634,actress,\N,Sofia
tt15325916,5,nm6230910,director,\N,\N
tt15325916,6,nm12320545,writer,\N,\N
tt15325916,7,nm6661835,producer,producer,\N
tt15325916,8,nm12776787,producer,producer,\N
tt15325916,9,nm5272812,producer,producer,\N
tt15481906,1,nm12963464,actor,\N,Catalin Priscornita
tt15481906,2,nm12963465,actor,\N,Albert Deak
tt15481906,3,nm12963466,actress,\N,First girl writing the letter
tt15481906,4,nm12963467,actress,\N,Second girl writing the letter
tt15481906,5,nm7189291,director,\N,\N
tt15481906,6,nm12963469,cinematographer,\N,\N
tt15481906,7,nm12963470,editor,co-editor,\N
tt15481906,8,nm12963471,editor,co-editor,\N
tt15481906,9,nm11568999,editor,co-editor,\N
tt15569164,10,nm13834082,actress,\N,Blessing
tt15569164,1,nm13834079,actress,\N,Docto
tt15569164,2,nm13834080,actress,\N,Oge
tt15569164,3,nm13834078,actress,\N,Nora
tt15569164,4,nm13007807,actor,\N,Benson
tt15569164,5,nm13007804,director,\N,\N
tt15569164,6,nm13007808,producer,producer,\N
tt15569164,7,nm13007806,producer,producer,\N
tt15569164,8,nm6353982,actor,\N,Morris
tt15569164,9,nm13834081,actress,\N,Nkechi
tt15881774,1,nm5954636,self,\N,Self
tt16112972,1,nm13128467,self,\N,Self
tt16112972,2,nm13128468,self,\N,Self
tt16112972,3,nm5588512,director,\N,\N
tt16762816,1,nm5954636,director,\N,\N
tt16762816,2,nm11710798,composer,\N,\N
tt17014810,10,nm3740866,cinematographer,\N,\N
tt17014810,1,nm13394246,actress,\N,Rayna
tt17014810,2,nm11716488,actor,\N,Lloyd
tt17014810,3,nm13309494,actor,\N,Desmond
tt17014810,4,nm13394245,actor,\N,Roman
tt17014810,5,nm8744453,director,\N,\N
tt17014810,6,nm11716491,producer,producer,\N
tt17014810,7,nm13487041,producer,producer,\N
tt17014810,8,nm5196784,composer,\N,\N
tt17014810,9,nm0003202,composer,\N,\N
tt1737585,10,nm3271046,production_designer,\N,\N
tt1737585,1,nm3080419,self,\N,Self - Panelist
tt1737585,2,nm2215706,actor,\N,Vahan the Wolf
tt1737585,3,nm0434879,actor,\N,Attila the Hun
tt1737585,4,nm6782260,actor,\N,Roman General
tt1737585,5,nm0006863,director,\N,\N
tt1737585,6,nm0551718,director,co-director,\N
tt1737585,7,nm6056643,cinematographer,director of photography: Armenia,\N
tt1737585,8,nm3584560,editor,\N,\N
tt1737585,9,nm2583950,editor,\N,\N
tt18225750,1,nm10771349,self,\N,Self
tt18225750,2,nm1939363,self,\N,Self
tt18225750,3,nm13034656,director,\N,\N
tt18339166,1,nm13437160,self,\N,Self
tt18339166,2,nm13438790,self,\N,Self
tt18339166,3,nm7941723,self,\N,Self
tt18339166,4,nm13438788,self,\N,Self
tt18339166,5,nm12538671,director,\N,\N
tt18339166,6,nm5805656,producer,producer,\N
tt18372080,1,nm1703983,director,\N,\N
tt18372080,2,nm13448701,producer,producer,\N
tt18372080,3,nm4968382,composer,\N,\N
tt1918943,1,nm0259722,self,\N,Self
tt1918943,2,nm4601693,self,\N,Self
tt1918943,3,nm0210283,director,\N,\N
tt1918943,4,nm3322225,director,\N,\N
tt1918943,5,nm3347027,editor,\N,\N
tt19370518,1,nm13544540,actress,\N,Anise
tt19370518,2,nm13544542,actress,\N,Dr. Augastine
tt19370518,3,nm7996475,actress,\N,Olivia
tt19370518,4,nm14215904,actor,\N,Hank
tt19370518,5,nm13544539,director,\N,\N
tt19370518,6,nm14215744,writer,\N,\N
tt19370518,7,nm13544543,writer,\N,\N
tt19370518,8,nm13544541,actor,\N,Tyler
tt19370518,9,nm14215903,actor,\N,Client
tt19845076,1,nm10110406,actor,\N,\N
tt19845076,2,nm14000344,actor,\N,Shelter
tt19845076,3,nm13799999,actor,\N,\N
tt19845076,4,nm13607258,director,\N,\N
tt2007976,10,nm4648294,self,\N,Self
tt2007976,1,nm4651501,self,\N,Self
tt2007976,2,nm2345221,self,\N,Self
tt2007976,3,nm4637690,self,\N,Self
tt2007976,4,nm4180754,self,\N,Self
tt2007976,5,nm4636486,director,\N,\N
tt2007976,6,nm4626098,editor,\N,\N
tt2007976,7,nm4651411,editor,\N,\N
tt2007976,8,nm4654451,self,\N,Self
tt2007976,9,nm4561843,self,\N,Self
tt20158938,10,nm13643951,self,\N,Self
tt20158938,1,nm3564978,self,\N,Self
tt20158938,2,nm2297155,actor,\N,Narrator
tt20158938,3,nm13643949,actress,\N,Singer
tt20158938,4,nm13643946,self,\N,Self
tt20158938,5,nm1597226,director,\N,\N
tt20158938,6,nm13643947,self,\N,Self
tt20158938,7,nm13643950,self,\N,Self
tt20158938,8,nm9138724,self,\N,Self
tt20158938,9,nm13643948,self,\N,Self
tt20752234,1,nm0521995,director,\N,\N
tt20752234,2,nm11181280,cinematographer,\N,\N
tt21101694,1,nm13782016,actor,\N,(Self)
tt21101694,2,nm10575776,director,\N,\N
tt21101694,3,nm10575777,producer,producer,\N
tt21101694,4,nm13782018,producer,producer,\N
tt21101694,5,nm13782017,producer,producer,\N
tt21101694,6,nm13782019,cinematographer,director of photography,\N
tt21101694,7,nm6738798,editor,\N,\N
tt21110404,1,nm13786981,actor,\N,Bboy Migue
tt21110404,2,nm6552035,actor,\N,Bboy Ojitos
tt21110404,3,nm6552032,actor,\N,Bboy Chiki
tt21110404,4,nm6552030,actor,\N,Bboy Kastrito
tt21110404,5,nm6552027,director,\N,\N
tt21110404,6,nm5198300,producer,producer,\N
tt21110404,7,nm4579788,composer,\N,\N
tt21110404,8,nm8005216,editor,\N,\N
tt21236128,10,nm1482061,self,\N,Self
tt21236128,1,nm13831199,self,\N,Self
tt21236128,2,nm13831200,self,\N,Self
tt21236128,3,nm10715010,self,\N,Self
tt21236128,4,nm0410570,self,\N,Self
tt21236128,5,nm7151634,composer,\N,\N
tt21236128,6,nm7576436,cinematographer,\N,\N
tt21236128,7,nm0744802,editor,\N,\N
tt21236128,8,nm10994238,self,\N,Self
tt21236128,9,nm13831201,self,\N,Self
tt21337046,1,nm5143313,director,co-director,\N
tt21337046,2,nm5119332,director,co-director,\N
tt21337046,3,nm13865953,composer,\N,\N
tt21337046,4,nm3092373,cinematographer,segment director of photography,\N
tt21345048,1,nm13615804,actor,\N,Jerome
tt21345048,2,nm13535767,actress,\N,Elizabeth
tt21345048,3,nm4262127,actress,\N,Mama Josaline
tt21345048,4,nm9191741,actor,\N,Papa Mateo
tt21345048,5,nm8246771,director,\N,\N
tt21345048,6,nm7362633,writer,\N,\N
tt21345048,7,nm3418302,producer,producer,\N
tt21345048,8,nm9449417,composer,\N,\N
tt21345048,9,nm13886642,production_designer,\N,\N
tt21479810,1,nm13910347,actress,\N,The Trauma Therapist
tt21479810,2,nm13910345,actor,\N,The Mountain Biker
tt21479810,3,nm13910343,actress,\N,The Rock Climber
tt21479810,4,nm13910344,actor,\N,The Skateboarder
tt21479810,5,nm4495252,director,\N,\N
tt21479810,6,nm4951714,composer,\N,\N
tt21479810,7,nm13910349,cinematographer,\N,\N
tt21479810,8,nm13910350,cinematographer,\N,\N
tt21479810,9,nm10642984,editor,associate editor,\N
tt21995284,1,nm2589335,actor,\N,\N
tt21995284,2,nm13942243,actress,\N,\N
tt21995284,3,nm14018751,actress,\N,\N
tt21995284,4,nm3626176,actress,\N,\N
tt21995284,5,nm13942241,director,\N,\N
tt21995284,6,nm0305812,producer,producer,\N
tt21995284,7,nm12796011,producer,producer,\N
tt21995284,8,nm1520945,producer,producer,\N
tt21995284,9,nm14018673,composer,\N,\N
tt22016398,1,nm11064464,director,\N,\N
tt22016398,2,nm14469738,producer,producer,\N
tt22016398,3,nm14469737,producer,producer,\N
tt22016398,4,nm5846430,producer,producer,\N
tt22016398,5,nm13619252,composer,\N,\N
tt22016398,6,nm11064465,cinematographer,\N,\N
tt22016398,7,nm6532028,cinematographer,\N,\N
tt22016398,8,nm5846427,cinematographer,\N,\N
tt22016398,9,nm9185572,editor,\N,\N
tt22191702,1,nm14069432,self,\N,Self
tt22191702,2,nm14069433,self,\N,Self
tt22191702,3,nm14069434,self,\N,Self
tt22191702,4,nm13893609,self,\N,Self
tt22191702,5,nm0068095,director,\N,\N
tt22191702,6,nm14069436,producer,producer,\N
tt22191702,7,nm14069437,editor,\N,\N
tt22191702,8,nm14069435,self,\N,Self
tt22489120,1,nm0183949,director,\N,\N
tt22489120,2,nm6656762,producer,producer,\N
tt22489120,3,nm14108634,cinematographer,\N,\N
tt22489120,4,nm9083393,editor,\N,\N
tt22490110,1,nm14109036,actor,\N,Rattlesnake
tt22490110,2,nm14109023,actor,\N,Fang as a boy
tt22490110,3,nm14109016,actor,\N,Red Mamba
tt22490110,4,nm14109020,actor,\N,Sensei Fang
tt22490110,5,nm4473145,director,\N,\N
tt22490110,6,nm4406391,director,\N,\N
tt22490110,7,nm14109042,writer,screenplay,\N
tt22490110,8,nm4475047,producer,producer,\N
tt22490110,9,nm14109045,composer,\N,\N
tt22530162,10,nm14118082,composer,\N,\N
tt22530162,1,nm0245906,self,\N,Self
tt22530162,2,nm0262543,self,\N,Self
tt22530162,3,nm0001221,self,\N,Self
tt22530162,4,nm0358026,self,\N,Self
tt22530162,5,nm0446018,director,\N,\N
tt22530162,6,nm6063600,writer,\N,\N
tt22530162,7,nm5105441,writer,\N,\N
tt22530162,8,nm14118077,producer,producer,\N
tt22530162,9,nm1754494,producer,producer,\N
tt22768254,1,nm13594007,actor,\N,Vinayak (Brahmrakshasha)
tt22768254,2,nm14264890,actor,\N,Little child
tt22768254,3,nm14189287,actor,\N,Vatsal
tt22768254,4,nm14137515,actor,\N,Margdarshak (Guide)
tt22768254,5,nm14189303,producer,producer,\N
tt22768254,6,nm14087206,actor,\N,Shashank (Cameo)
tt22768254,7,nm14135913,actor,\N,Rakshak
tt22773492,1,nm14138081,actress,\N,\N
tt22773492,2,nm14138084,actor,\N,\N
tt22773492,3,nm14138083,actor,\N,\N
tt22773492,4,nm11504951,actor,\N,\N
tt22773492,5,nm14132327,director,\N,\N
tt22773492,6,nm14138085,writer,\N,\N
tt22773492,7,nm2028023,composer,\N,\N
tt23049890,1,nm1507308,self,\N,Self
tt23049890,2,nm0464053,director,\N,\N
tt23632152,10,nm14233119,self,\N,Self
tt23632152,1,nm2442066,self,\N,Self
tt23632152,2,nm3390665,self,\N,Self
tt23632152,3,nm1889914,self,\N,Self
tt23632152,4,nm0048398,self,\N,Self
tt23632152,5,nm5358816,director,\N,\N
tt23632152,6,nm6832509,producer,producer,\N
tt23632152,7,nm14233124,composer,\N,\N
tt23632152,8,nm4001585,editor,\N,\N
tt23632152,9,nm14233118,self,\N,Self
tt23774026,1,nm13643039,actress,\N,\N
tt23774026,2,nm14261715,actor,\N,\N
tt23774026,3,nm6944924,actor,\N,\N
tt23774026,4,nm14261714,actor,\N,\N
tt23774026,5,nm14261713,director,\N,\N
tt23774026,6,nm14261712,director,\N,\N
tt23774026,7,nm14565215,producer,producer,\N
tt23774026,8,nm14261716,cinematographer,\N,\N
tt23828798,10,nm14273834,composer,\N,\N
tt23828798,1,nm9495458,actor,\N,Mac
tt23828798,2,nm11963831,actress,\N,Andrea
tt23828798,3,nm6361966,actor,\N,Chuck
tt23828798,4,nm9128839,actor,\N,Jimmy
tt23828798,5,nm6906260,director,\N,\N
tt23828798,6,nm13525698,writer,story,\N
tt23828798,7,nm12640066,writer,story,\N
tt23828798,8,nm14273835,composer,\N,\N
tt23828798,9,nm14273836,composer,\N,\N
tt24668540,1,nm14358104,actor,\N,Hero
tt24668540,2,nm14365361,actress,\N,Heroine
tt24668540,3,nm12026273,actress,\N,Heroine
tt24668540,4,nm14365362,actor,\N,\N
tt24668540,5,nm12506431,composer,\N,\N
tt24668540,6,nm14358106,cinematographer,director of photography,\N
tt24668540,7,nm1283909,editor,\N,\N
tt24668540,8,nm13781505,editor,\N,\N
tt25385756,1,nm13784338,actor,\N,\N
tt25385756,2,nm9374880,actor,\N,\N
tt25385756,3,nm14413769,actor,\N,Aryan
tt25385756,4,nm14413768,director,\N,\N
tt25385756,5,nm14413770,producer,producer,\N
tt25385756,6,nm10980335,producer,producer,\N
tt2555246,1,nm5407513,self,\N,Self
tt2555246,2,nm2271332,self,\N,Self
tt2555246,3,nm5473500,self,\N,Self
tt2555246,4,nm5473494,self,\N,Self
tt2555246,5,nm1883831,director,\N,\N
tt2555246,6,nm2067382,director,co-director,\N
tt2555246,7,nm5251163,producer,producer,\N
tt2555246,8,nm3937709,cinematographer,\N,\N
tt2555246,9,nm3005273,cinematographer,\N,\N
tt2597650,1,nm5438359,actor,\N,\N
tt2597650,2,nm4292282,actor,\N,\N
tt2597650,3,nm2711264,self,\N,Self
tt2597650,4,nm6192243,actress,\N,\N
tt2597650,5,nm1085812,director,\N,\N
tt2597650,6,nm2588803,writer,creator,\N
tt26235412,1,nm1429248,actress,\N,Zoya Faraz
tt26235412,2,nm14480732,actor,\N,Munna Lal Mishra
tt26235412,3,nm10183024,actor,\N,Sabir Khan
tt26235412,4,nm1516058,actor,\N,\N
tt26235412,5,nm2167702,director,\N,\N
tt26235412,6,nm12285790,producer,producer,\N
tt26235412,7,nm10381732,producer,producer,\N
tt26235412,8,nm1619486,cinematographer,\N,\N
tt26235412,9,nm5439129,editor,\N,\N
tt26453860,1,nm0789059,director,\N,\N
tt26453860,2,nm11272660,composer,\N,\N
tt26453860,3,nm3548175,cinematographer,\N,\N
tt26627413,1,nm14291057,actor,\N,Stephen
tt26627413,2,nm14500691,actor,\N,Mark
tt26627413,3,nm14503248,writer,\N,\N
tt26659808,1,nm14539951,actress,\N,Colleen Creech
tt26659808,2,nm14539953,actress,\N,Lorri Oikarinen
tt26659808,3,nm14539952,actress,\N,Tammy Santti-Kero
tt26659808,4,nm14539950,actress,\N,Hilary Virtanen
tt26659808,5,nm0521995,director,\N,\N
tt26659808,6,nm11181280,cinematographer,\N,\N
tt26659808,7,nm14539949,actress,\N,Irene Vuorenmaa
tt26678993,1,nm14524889,actor,\N,Main
tt26689866,1,nm12614155,actor,\N,Matty Manaidz
tt26689866,2,nm14552345,actor,\N,Messy Gravis
tt26689866,3,nm14552346,actor,\N,McKibblez
tt26689866,4,nm14552358,actor,\N,Bernie Tanner
tt26689866,5,nm4255592,director,\N,\N
tt26689866,6,nm0571711,writer,\N,\N
tt26696489,1,nm14557138,actor,\N,Jim Leary
tt26696489,2,nm14557139,actor,\N,Art Moilanen
tt26696489,3,nm14557141,actor,\N,Al Reko
tt26696489,4,nm14557137,actor,\N,Oren Tikkanen
tt26696489,5,nm0521995,director,\N,\N
tt26696489,6,nm11181280,producer,producer,\N
tt26696489,7,nm2131783,cinematographer,\N,\N
tt26697490,1,nm14557905,actor,\N,Paul Heikkila
tt26697490,2,nm14557907,actor,\N,Marjorie Miller
tt26697490,3,nm14557906,actor,\N,Paavo Nurmi
tt26697490,4,nm14557904,actor,\N,Pekka Olson
tt26697490,5,nm0521995,director,\N,\N
tt26697490,6,nm11181280,producer,producer,\N
tt26697490,7,nm14557908,actor,\N,Arne Pelto
tt26717296,1,nm13405901,director,\N,\N
tt26717296,2,nm14560234,producer,producer,\N
tt26717296,3,nm12286887,cinematographer,\N,\N
tt26745712,1,nm12531837,self,\N,Self
tt26745712,2,nm14569351,self,\N,Self
tt26745712,3,nm14569352,self,\N,Self
tt26745712,4,nm14569350,self,\N,Self
tt26745712,5,nm14569358,composer,\N,\N
tt26745712,6,nm14569357,composer,\N,\N
tt26745712,7,nm14569359,cinematographer,\N,\N
tt26754650,1,nm14575302,actor,\N,Director
tt26754650,2,nm14575303,actor,\N,Lighting
tt26754650,3,nm14575301,actress,\N,Production
tt26754650,4,nm14575300,actor,\N,Ranjeet shukla baba
tt26768535,10,nm14584728,editor,\N,\N
tt26768535,1,nm10261018,actress,\N,\N
tt26768535,2,nm12431554,actor,\N,\N
tt26768535,3,nm14584725,actor,\N,\N
tt26768535,4,nm10887824,actor,\N,\N
tt26768535,5,nm11965107,director,\N,\N
tt26768535,6,nm14584726,producer,producer,\N
tt26768535,7,nm12260268,composer,\N,\N
tt26768535,8,nm12964689,cinematographer,\N,\N
tt26768535,9,nm14584727,cinematographer,\N,\N
tt26919016,1,nm6799894,actor,\N,Yuzuru Hanyu
tt26919016,2,nm0386749,composer,\N,\N
tt26922029,10,nm13904626,actor,\N,Nurse
tt26922029,1,nm3864890,actor,\N,Red
tt26922029,2,nm12220995,actor,\N,Gentleman 1
tt26922029,3,nm10205376,actress,\N,Nikki
tt26922029,4,nm14653484,actor,\N,Admin Nurse
tt26922029,5,nm1626405,director,\N,\N
tt26922029,6,nm14653486,cinematographer,\N,\N
tt26922029,7,nm1640696,cinematographer,\N,\N
tt26922029,8,nm10895434,actor,\N,Jay
tt26922029,9,nm11231397,actress,\N,Young Kennedy
tt27002836,1,nm10271872,director,\N,\N
tt27002836,2,nm14618674,writer,\N,\N
tt27002836,3,nm14642133,writer,\N,\N
tt27002836,4,nm14618676,writer,\N,\N
tt27002836,5,nm14618677,composer,\N,\N
tt27002836,6,nm14642105,composer,\N,\N
tt27002836,7,nm9329737,composer,\N,\N
tt27002836,8,nm14618678,composer,\N,\N
tt27002836,9,nm14618675,editor,\N,\N
tt27078639,1,nm14637338,actress,\N,\N
tt27078639,2,nm14637344,actor,\N,\N
tt27078639,3,nm14637339,actor,\N,\N
tt27078639,4,nm14637337,actress,\N,\N
tt27078639,5,nm5046124,director,\N,\N
tt27078639,6,nm0779440,writer,\N,\N
tt27078639,7,nm10510815,writer,\N,\N
tt27078639,8,nm11647260,producer,producer,\N
tt27078639,9,nm8241727,composer,\N,\N
tt3338516,1,nm2290761,director,\N,\N
tt3338516,2,nm1405561,editor,\N,\N
tt3488408,1,nm0816478,director,\N,\N
tt3488408,2,nm1252930,producer,producer,\N
tt3488408,3,nm5015660,composer,\N,\N
tt3488408,4,nm0129842,cinematographer,\N,\N
tt3488408,5,nm3217009,editor,\N,\N
tt3526310,1,nm0129635,self,\N,Self
tt3526310,2,nm0159008,self,\N,Self
tt3526310,3,nm0252032,archive_footage,\N,Self
tt3526310,4,nm0448123,archive_footage,\N,Self
tt3526310,5,nm1784459,director,\N,\N
tt3526310,6,nm1759015,producer,producer,\N
tt3526310,7,nm1759016,producer,producer,\N
tt3526310,8,nm1818652,composer,\N,\N
tt3526310,9,nm1479528,editor,\N,\N
tt3835096,10,nm4537683,composer,\N,\N
tt3835096,1,nm6601048,self,\N,Self
tt3835096,2,nm10120698,self,\N,Self
tt3835096,3,nm10120701,actor,\N,\N
tt3835096,4,nm0000123,self,\N,Self
tt3835096,5,nm6601046,director,\N,\N
tt3835096,6,nm6601049,writer,\N,\N
tt3835096,7,nm8261578,writer,\N,\N
tt3835096,8,nm6601050,producer,executive producer,\N
tt3835096,9,nm4660735,composer,\N,\N
tt3995596,1,nm2102293,actor,\N,\N
tt3995596,2,nm2215439,actor,\N,\N
tt3995596,3,nm1414956,actor,\N,\N
tt3995596,4,nm6735536,actress,\N,Efunsetan Aniwura
tt3995596,5,nm0445391,director,\N,\N
tt3995596,6,nm1729337,writer,\N,\N
tt3995596,7,nm0654655,actor,\N,\N
tt4085610,1,nm0065942,actress,\N,Narrator
tt4085610,2,nm6816588,self,\N,Self
tt4085610,3,nm6816594,self,\N,Self
tt4085610,4,nm6816580,self,\N,Self
tt4085610,5,nm0041393,director,\N,\N
tt4085610,6,nm6816598,writer,treatment,\N
tt4085610,7,nm2947395,writer,\N,\N
tt4085610,8,nm6816599,producer,producer,\N
tt4338862,10,nm4084263,cinematographer,\N,\N
tt4338862,1,nm4110523,self,\N,Self
tt4338862,2,nm7041799,self,\N,Self
tt4338862,3,nm9453982,self,\N,Self
tt4338862,4,nm5019240,self,\N,Self
tt4338862,5,nm3091893,composer,\N,\N
tt4338862,6,nm3133121,composer,\N,\N
tt4338862,7,nm9454064,cinematographer,\N,\N
tt4338862,8,nm7297207,cinematographer,\N,\N
tt4338862,9,nm5675278,cinematographer,\N,\N
tt4428002,1,nm0655585,self,\N,Self
tt4428002,2,nm2949229,self,\N,Self
tt4428002,3,nm0599114,self,\N,Self
tt4428002,4,nm5010820,self,\N,Self
tt4428002,5,nm6652088,director,\N,\N
tt4428002,6,nm2963395,composer,\N,\N
tt4428002,7,nm7741328,self,\N,Self
tt4428002,8,nm10097003,self,\N,Self
tt4551842,1,nm3201579,actress,\N,\N
tt4551842,2,nm0263582,actor,\N,\N
tt4551842,3,nm4522448,actress,\N,\N
tt4670548,10,nm6882976,editor,\N,\N
tt4670548,1,nm7314581,actor,\N,\N
tt4670548,2,nm7314584,actor,\N,Bijju
tt4670548,3,nm7314582,actor,\N,\N
tt4670548,4,nm7314583,actor,\N,\N
tt4670548,5,nm2279883,director,\N,\N
tt4670548,6,nm2539631,writer,\N,\N
tt4670548,7,nm7333325,producer,producer,\N
tt4670548,8,nm7314585,composer,\N,\N
tt4670548,9,nm5376765,cinematographer,\N,\N
tt5012858,1,nm7579168,actor,\N,LIL E
tt5012858,2,nm7575464,actor,\N,White Folks
tt5012858,3,nm4968908,director,co-director,\N
tt5012858,4,nm7425753,producer,executive producer,\N
tt5390098,1,nm4637768,director,\N,\N
tt5390098,2,nm5472684,director,\N,\N
tt6468098,1,nm3526776,actor,\N,\N
tt6468098,2,nm9129735,actor,\N,\N
tt6468098,3,nm8737657,actor,\N,\N
tt6468098,4,nm8737658,actor,\N,\N
tt6468098,5,nm1802317,director,\N,\N
tt6468098,6,nm8737660,producer,producer,\N
tt6468098,7,nm2145211,composer,\N,\N
tt6468098,8,nm1000724,cinematographer,director of photography,\N
tt6468098,9,nm5506133,editor,\N,\N
tt6992710,1,nm2671222,self,\N,Self
tt6992710,2,nm2954620,self,\N,Self
tt6992710,3,nm1788321,self,\N,Self
tt6992710,4,nm5117670,cinematographer,\N,\N
tt6992710,5,nm8288080,cinematographer,\N,\N
tt6992710,6,nm3777016,cinematographer,\N,\N
tt7065722,1,nm7780620,director,\N,\N
tt7065722,2,nm4508401,producer,producer,\N
tt7065722,3,nm7453473,producer,producer,\N
tt7065722,4,nm14584001,producer,producer,\N
tt8215820,1,nm8332521,self,\N,Self
tt8215820,2,nm8332346,self,\N,Self
tt8215820,3,nm7325577,self,\N,Self
tt8215820,4,nm8332520,self,\N,Self
tt8215820,5,nm8924327,cinematographer,\N,\N
tt8215820,6,nm3953562,cinematographer,\N,\N
tt8962754,1,nm4437593,self,\N,Self
tt8962754,2,nm1388719,actress,\N,Narrator
tt8962754,3,nm10834610,self,\N,Self
tt8962754,4,nm1790383,director,\N,\N
tt8962754,5,nm4512974,producer,producer,\N
tt8962754,6,nm1466777,producer,producer,\N
tt8962754,7,nm10809958,producer,producer,\N
tt8962754,8,nm3400001,composer,\N,\N
tt9080346,1,nm9684744,actress,\N,Jazz Singer
tt9080346,2,nm10181391,actor,\N,Jazz Musician
tt9080346,3,nm10169618,actor,\N,Pablo
tt9080346,4,nm10169623,actress,\N,Bertha
tt9080346,5,nm5138377,director,\N,\N
tt9080346,6,nm3530768,writer,\N,\N
tt9080346,7,nm9126120,producer,producer,\N
tt9080346,8,nm8279090,cinematographer,\N,\N
tt9080346,9,nm9877320,editor,\N,\N
tt0060714,10,nm0878045,cinematographer,\N,\N
tt0060714,1,nm0001831,actor,\N,Morgan
tt0060714,2,nm0000603,actress,\N,Leonie
tt0060714,3,nm0827137,actor,\N,Napier
tt0060714,4,nm0359566,actress,\N,Mrs. Delt
tt0060714,5,nm0718554,director,\N,\N
tt0060714,6,nm0580256,writer,written by,\N
tt0060714,7,nm0167061,producer,producer,\N
tt0060714,8,nm0006023,composer,\N,\N
tt0060714,9,nm0005831,cinematographer,\N,\N
tt0063141,10,nm0698957,writer,\N,\N
tt0063141,1,nm0000603,actress,\N,Isadora
tt0063141,2,nm0289038,actor,\N,Craig
tt0063141,3,nm0001673,actor,\N,Singer
tt0063141,4,nm0292159,actor,\N,Roger
tt0063141,5,nm0718554,director,\N,\N
tt0063141,6,nm0103905,writer,adaptation,\N
tt0063141,7,nm0236578,writer,additional dialogue,\N
tt0063141,8,nm0241984,writer,book My Life,\N
tt0063141,9,nm0264088,writer,screenplay,\N
tt0073486,10,nm0000140,producer,producer,\N
tt0073486,1,nm0000197,actor,\N,R.P. McMurphy
tt0073486,2,nm0001221,actress,\N,Nurse Ratched
tt0073486,3,nm0077720,actor,\N,Ellis
tt0073486,4,nm0110480,actor,\N,Col. Matterson
tt0073486,5,nm0001232,director,\N,\N
tt0073486,6,nm0369142,writer,screenplay,\N
tt0073486,7,nm0325743,writer,screenplay,\N
tt0073486,8,nm0450181,writer,based on the novel by,\N
tt0073486,9,nm0913670,writer,the play version: One Flew Over the Cuckoos Nest by,\N
tt0076245,10,nm0005878,cinematographer,director of photography,\N
tt0076245,1,nm0000404,actress,\N,Lillian
tt0076245,2,nm0000603,actress,\N,Julia
tt0076245,3,nm0001673,actor,\N,Hammett
tt0076245,4,nm0001703,actor,\N,Johann
tt0076245,5,nm0003593,director,\N,\N
tt0076245,6,nm0375484,writer,based upon the story by,\N
tt0076245,7,nm0765091,writer,screenplay,\N
tt0076245,8,nm10607011,producer,producer,\N
tt0076245,9,nm0000016,composer,\N,\N
tt0081344,10,nm0006075,composer,\N,\N
tt0081344,1,nm0000603,actress,\N,Fania Fenelon
tt0081344,2,nm0000737,actress,\N,Alma Rose
tt0081344,3,nm0000726,actress,\N,Mala
tt0081344,4,nm0004724,actress,\N,Olga
tt0081344,5,nm0542702,director,\N,\N
tt0081344,6,nm0765121,director,\N,\N
tt0081344,7,nm0007186,writer,written by,\N
tt0081344,8,nm0299666,writer,autobiography: The Musicians of Auschwitz,\N
tt0081344,9,nm0947388,producer,executive producer,\N
tt0110365,1,nm0000619,actor,\N,Joshua Shapira
tt0110365,2,nm0000411,actor,\N,Reuben Shapira
tt0110365,3,nm0446702,actress,\N,Alla Shustervich
tt0110365,4,nm0000603,actress,\N,Irina Shapira
tt0110365,5,nm0336695,director,\N,\N
tt0110365,6,nm0916986,producer,producer,\N
tt0110365,7,nm0725166,cinematographer,\N,\N
tt0110365,8,nm0364643,editor,\N,\N
tt0110365,9,nm0860384,production_designer,\N,\N
tt0190590,10,nm0177504,editor,\N,\N
tt0190590,1,nm0000123,actor,\N,Everett
tt0190590,2,nm0001806,actor,\N,Pete Hogwallop
tt0190590,3,nm0625789,actor,\N,Delmar ODonnell
tt0190590,4,nm0000422,actor,\N,Big Dan Teague
tt0190590,5,nm0001054,director,\N,\N
tt0190590,6,nm0001053,director,\N,\N
tt0190590,7,nm0392955,writer,epic poem The Odyssey,\N
tt0190590,8,nm0122439,composer,\N,\N
tt0190590,9,nm0005683,cinematographer,director of photography,\N
tt0206036,10,nm0908620,writer,created by,\N
tt0206036,1,nm0000603,actress,\N,Edith Tree (segment \1961\)
tt0206036,2,nm0783033,actress,\N,Abby Hedley (segment \1961\)
tt0206036,3,nm0316079,actor,\N,Ted Hedley (segment \1961\)
tt0206036,4,nm0001610,actress,\N,Alice Hedley (segment \1961\)
tt0206036,5,nm0026862,director,\N,\N
tt0206036,6,nm0004838,director,\N,\N
tt0206036,7,nm0000162,director,\N,\N
tt0206036,8,nm0796359,writer,teleplay,\N
tt0206036,9,nm0796357,writer,story,\N
tt0365737,10,nm0006035,composer,\N,\N
tt0365737,1,nm0000123,actor,\N,Bob Barnes
tt0365737,2,nm0000354,actor,\N,Bryan Woodman
tt0365737,3,nm0001605,actress,\N,Julie Woodman
tt0365737,4,nm1315378,actor,\N,Arash
tt0365737,5,nm0300866,director,\N,\N
tt0365737,6,nm1373849,writer,book See No Evil: The True Story of a Ground Soldier in the CIAs War on Terrorism,\N
tt0365737,7,nm0289048,producer,producer,\N
tt0365737,8,nm0434133,producer,producer,\N
tt0365737,9,nm0637602,producer,producer,\N
tt0433383,1,nm0000657,actor,\N,Edward R. Murrow
tt0433383,2,nm0000123,actor,\N,Fred Friendly
tt0433383,3,nm0165101,actress,\N,Shirley Wershba
tt0433383,4,nm0001099,actor,\N,Sig Mickelson
tt0433383,5,nm0381416,writer,written by,\N
tt0433383,6,nm0660518,composer,\N,\N
tt0433383,7,nm0005696,cinematographer,director of photography,\N
tt0433383,8,nm0592537,editor,\N,\N
tt0433383,9,nm0084304,production_designer,\N,\N
tt1024648,10,nm0006035,composer,\N,\N
tt1024648,1,nm0000255,actor,\N,Tony Mendez
tt1024648,2,nm0186505,actor,\N,Jack ODonnell
tt1024648,3,nm0000422,actor,\N,John Chambers
tt1024648,4,nm0000273,actor,\N,Lester Siegel
tt1024648,5,nm0006516,writer,screenplay by,\N
tt1024648,6,nm5410196,writer,based on a selection from The Master of Disguise by,\N
tt1024648,7,nm2646452,writer,based on the Wired Magazine article The Great Escape by,\N
tt1024648,8,nm0000123,producer,producer,\N
tt1024648,9,nm0381416,producer,producer,\N
tt1033575,10,nm0852591,producer,producer,\N
tt1033575,1,nm0000123,actor,\N,Matt King
tt1033575,2,nm0940362,actress,\N,Alexandra King
tt1033575,3,nm3837786,actress,\N,Scottie King
tt1033575,4,nm1975228,actor,\N,Sid
tt1033575,5,nm0668247,director,\N,\N
tt1033575,6,nm0269542,writer,screenplay,\N
tt1033575,7,nm0711110,writer,screenplay,\N
tt1033575,8,nm2655611,writer,novel,\N
tt1033575,9,nm0121724,producer,producer,\N
tt1193138,10,nm0718645,producer,producer,\N
tt1193138,1,nm0000123,actor,\N,Ryan Bingham
tt1193138,2,nm0267812,actress,\N,Alex Goran
tt1193138,3,nm0447695,actress,\N,Natalie Keener
tt1193138,4,nm0000867,actor,\N,Craig Gregory
tt1193138,5,nm0718646,director,\N,\N
tt1193138,6,nm1174529,writer,novel,\N
tt1193138,7,nm1417242,writer,screenplay,\N
tt1193138,8,nm0166641,producer,producer,\N
tt1193138,9,nm0239277,producer,producer,\N
tt0057731,10,nm0524591,actress,\N,Paulina Carlino;Paulina Cory;Paulina Cory Carlino
tt0057731,1,nm0943920,actress,\N,Rachel Davis Cory;Rachel Davis;Rachel Davis Hutchins
tt0057731,2,nm0285576,actress,\N,Ada Lucas;Ada Lucas McGowan;Ada Hobson
tt0057731,3,nm0549280,actor,\N,Jim Matthews
tt0057731,4,nm0200451,actress,\N,Felicia Gallant;Felicia Gallant Blake;Felicia Gallant St. George
tt0057731,5,nm0680460,writer,creator,\N
tt0057731,6,nm0068589,writer,creator,\N
tt0057731,7,nm0571979,actress,\N,Iris Carrington
tt0057731,8,nm0774156,actor,\N,Cass Winthrop;Rex Allingham
tt0057731,9,nm0835646,actress,\N,Donna Love;Donna Love Hudson;Donna Love Cory
tt0071315,10,nm0642714,editor,film editor,\N
tt0071315,1,nm0000197,actor,\N,J.J. Gittes
tt0071315,2,nm0001159,actress,\N,Evelyn Mulwray
tt0071315,3,nm0001379,actor,\N,Noah Cross
tt0071315,4,nm0520164,actor,\N,Escobar
tt0071315,5,nm0000591,director,\N,\N
tt0071315,6,nm0001801,writer,written by,\N
tt0071315,7,nm0263172,producer,producer,\N
tt0071315,8,nm0000025,composer,\N,\N
tt0071315,9,nm0002166,cinematographer,director of photography,\N
tt0079477,10,nm0000016,composer,\N,\N
tt0079477,1,nm0000059,actor,\N,Julius
tt0079477,2,nm0000178,actress,\N,Lauren
tt0079477,3,nm0076400,actor,\N,Daniel
tt0079477,4,nm0384050,actor,\N,Richard King
tt0079477,5,nm0001351,director,\N,\N
tt0079477,6,nm0122560,writer,screenplay by,\N
tt0079477,7,nm0460104,writer,novel E=MC² mon amour,\N
tt0079477,8,nm0186683,producer,producer,\N
tt0079477,9,nm0746073,producer,producer,\N
tt0082979,10,nm0843129,production_designer,\N,\N
tt0082979,1,nm0000886,actor,\N,John Reed
tt0082979,2,nm0000473,actress,\N,Louise Bryant
tt0082979,3,nm0001346,actor,\N,Max Eastman
tt0082979,4,nm0467085,actor,\N,Grigory Zinoviev
tt0082979,5,nm0341767,writer,written by,\N
tt0082979,6,nm0814227,composer,\N,\N
tt0082979,7,nm0005886,cinematographer,\N,\N
tt0082979,8,nm0020441,editor,\N,\N
tt0082979,9,nm0570947,editor,\N,\N
tt0086425,10,nm0686895,production_designer,\N,\N
tt0086425,1,nm0000511,actress,\N,Aurora Greenway
tt0086425,2,nm0000700,actress,\N,Emma Horton
tt0086425,3,nm0000197,actor,\N,Garrett Breedlove
tt0086425,4,nm0000362,actor,\N,Vernon Dahlart
tt0086425,5,nm0000985,director,\N,\N
tt0086425,6,nm0573505,writer,based on the novel by,\N
tt0086425,7,nm0330759,composer,\N,\N
tt0086425,8,nm0005647,cinematographer,director of photography,\N
tt0086425,9,nm0548943,editor,\N,\N
tt0089841,10,nm0005647,cinematographer,director of photography,\N
tt0089841,1,nm0000197,actor,\N,Charley Partanna
tt0089841,2,nm0000678,actress,\N,Irene Walker
tt0089841,3,nm0005162,actor,\N,Eduardo Prizzi
tt0089841,4,nm0709907,actor,\N,Angelo Pop Partanna
tt0089841,5,nm0001379,director,\N,\N
tt0089841,6,nm0174410,writer,novel,\N
tt0089841,7,nm0730027,writer,screenplay,\N
tt0089841,8,nm0286048,producer,producer,\N
tt0089841,9,nm0006218,composer,\N,\N
tt0094291,10,nm0800943,editor,\N,\N
tt0094291,1,nm0000221,actor,\N,Bud Fox
tt0094291,2,nm0000140,actor,\N,Gordon Gekko
tt0094291,3,nm0876645,actress,\N,Carolyn
tt0094291,4,nm0184429,actor,\N,Dan
tt0094291,5,nm0000231,director,\N,\N
tt0094291,6,nm0007140,writer,written by,\N
tt0094291,7,nm0696299,producer,producer,\N
tt0094291,8,nm0004841,composer,\N,\N
tt0094291,9,nm0724744,cinematographer,director of photography,\N
tt0119217,10,nm0829681,production_designer,\N,\N
tt0119217,1,nm0000245,actor,\N,Sean
tt0119217,2,nm0000354,actor,\N,Will
tt0119217,3,nm0000255,actor,\N,Chuckie
tt0119217,4,nm0001745,actor,\N,Lambeau
tt0119217,5,nm0001814,director,\N,\N
tt0119217,6,nm0004744,producer,producer,\N
tt0119217,7,nm0000384,composer,\N,\N
tt0119217,8,nm0260389,cinematographer,director of photography,\N
tt0119217,9,nm0768817,editor,\N,\N
tt0119822,10,nm0007037,cinematographer,director of photography,\N
tt0119822,1,nm0000197,actor,\N,Melvin Udall
tt0119822,2,nm0000166,actress,\N,Carol Connelly
tt0119822,3,nm0001427,actor,\N,Simon Bishop
tt0119822,4,nm0000421,actor,\N,Frank Sachs
tt0119822,5,nm0000985,director,\N,\N
tt0119822,6,nm0029125,writer,story,\N
tt0119822,7,nm0424660,producer,producer,\N
tt0119822,8,nm0954034,producer,producer,\N
tt0119822,9,nm0001877,composer,\N,\N
tt0120885,10,nm0461360,composer,\N,\N
tt0120885,1,nm0000163,actor,\N,Stanley Motss
tt0120885,2,nm0000134,actor,\N,Conrad Brean
tt0120885,3,nm0000162,actress,\N,Winifred Ames
tt0120885,4,nm0000437,actor,\N,Sgt. William Schumann
tt0120885,5,nm0001469,director,\N,\N
tt0120885,6,nm0067248,writer,book American Hero,\N
tt0120885,7,nm0377088,writer,screenplay,\N
tt0120885,8,nm0000519,writer,screenplay,\N
tt0120885,9,nm0742772,producer,producer,\N
tt0181865,10,nm0001880,producer,producer,\N
tt0181865,1,nm0000140,actor,\N,Robert Wakefield
tt0181865,2,nm0001125,actor,\N,Javier Rodríguez
tt0181865,3,nm0001876,actress,\N,Helena Ayala
tt0181865,4,nm0889846,actor,\N,Manolo Sanchez
tt0181865,5,nm0001752,director,\N,\N
tt0181865,6,nm0601881,writer,miniseries Traffik,\N
tt0181865,7,nm0300866,writer,screenplay,\N
tt0181865,8,nm0081046,producer,producer,\N
tt0181865,9,nm0380980,producer,producer,\N
tt0185014,10,nm0005883,cinematographer,director of photography,\N
tt0185014,1,nm0000140,actor,\N,Grady Tripp
tt0185014,2,nm0001497,actor,\N,James Leer
tt0185014,3,nm0000531,actress,\N,Sara Gaskell
tt0185014,4,nm0000375,actor,\N,Terry Crabtree
tt0185014,5,nm0000436,director,\N,\N
tt0185014,6,nm0149290,writer,novel,\N
tt0185014,7,nm0460141,writer,screenplay,\N
tt0185014,8,nm0748784,producer,producer,\N
tt0185014,9,nm0002366,composer,\N,\N
tt0257360,10,nm0448843,composer,\N,\N
tt0257360,1,nm0000197,actor,\N,Warren Schmidt
tt0257360,2,nm0204706,actress,\N,Jeannie Schmidt
tt0257360,3,nm0000551,actor,\N,Randall Hertzel
tt0257360,4,nm0000870,actress,\N,Roberta Hertzel
tt0257360,5,nm0668247,director,\N,\N
tt0257360,6,nm1095201,writer,novel About Schmidt,\N
tt0257360,7,nm0852591,writer,screenplay,\N
tt0257360,8,nm0078698,producer,producer,\N
tt0257360,9,nm0321228,producer,producer,\N
tt0407887,10,nm0454752,producer,producer,\N
tt0407887,1,nm0000138,actor,\N,Billy
tt0407887,2,nm0000354,actor,\N,Colin
tt0407887,3,nm0000197,actor,\N,Costello
tt0407887,4,nm0000242,actor,\N,Dignam
tt0407887,5,nm0000217,director,\N,\N
tt0407887,6,nm1184258,writer,screenplay,\N
tt0407887,7,nm0538320,writer,\N,\N
tt0407887,8,nm0159039,writer,\N,\N
tt0407887,9,nm0340522,producer,producer,\N
tt0427969,10,nm0073490,editor,\N,\N
tt0427969,1,nm0004778,actor,\N,Louis Simo
tt0427969,2,nm0000255,actor,\N,George Reeves
tt0427969,3,nm0000178,actress,\N,Toni Mannix
tt0427969,4,nm0001364,actor,\N,Eddie Mannix
tt0427969,5,nm0002339,director,\N,\N
tt0427969,6,nm0076602,writer,written by,\N
tt0427969,7,nm0932037,producer,producer,\N
tt0427969,8,nm0953616,composer,\N,\N
tt0427969,9,nm0293456,cinematographer,\N,\N
tt1291580,10,nm0414423,producer,producer,\N
tt1291580,1,nm0000140,actor,\N,Liberace
tt1291580,2,nm0000354,actor,\N,Scott Thorson
tt1291580,3,nm0000836,actor,\N,Bob Black
tt1291580,4,nm0958420,actor,\N,Lou
tt1291580,5,nm0001752,director,\N,\N
tt1291580,6,nm0481418,writer,screenplay,\N
tt1291580,7,nm1281443,writer,book,\N
tt1291580,8,nm5674732,writer,book,\N
tt1291580,9,nm0252382,producer,producer,\N
